ISO,FILENAME,MEAN_VALUE
SWE,h3,100.0
SWE,t5,0.0
SWE,t3,0.0
SWE,t2,0.0
SWE,a3,0.0
SWE,cr2,72.0
SWE,cr4,72.0
SWE,p2,100.0
SWE,a1,100.0
SWE,t6,0.0
SWE,h2,100.0
SWE,cv5b,12.0
SWE,a2,0.0
SWE,h1,100.0
SWE,t4,0.0
SWE,h5,100.0
SWE,cr1,5.0
SWE,h6,
SWE,h4,100.0
SWE,t1,100.0
RWA,h3,100.0
RWA,t5,0.0
RWA,t3,0.0
RWA,t2,0.0
RWA,a3,0.0
RWA,cr2,5.0
RWA,cr4,11.0
RWA,p2,100.0
RWA,a1,100.0
RWA,t6,0.0
RWA,h2,100.0
RWA,cv5b,12.0
RWA,a2,0.0
RWA,h1,100.0
RWA,t4,0.0
RWA,h5,100.0
RWA,cr1,5.0
RWA,h6,
RWA,h4,100.0
RWA,t1,100.0
CHN,h3,100.0
CHN,t5,0.0
CHN,t3,0.0
CHN,t2,0.0
CHN,a3,0.0
CHN,cr2,33.0
CHN,cr4,33.0
CHN,p2,100.0
CHN,a1,100.0
CHN,t6,0.0
CHN,h2,100.0
CHN,cv5b,12.0
CHN,a2,0.0
CHN,h1,100.0
CHN,t4,0.0
CHN,h5,100.0
CHN,cr1,5.0
CHN,h6,
CHN,h4,100.0
CHN,t1,100.0
DNK,h3,100.0
DNK,t5,0.0
DNK,t3,0.0
DNK,t2,0.0
DNK,a3,0.0
DNK,cr2,72.0
DNK,cr4,72.0
DNK,p2,100.0
DNK,a1,100.0
DNK,t6,0.0
DNK,h2,100.0
DNK,cv5b,12.0
DNK,a2,0.0
DNK,h1,100.0
DNK,t4,0.0
DNK,h5,100.0
DNK,cr1,5.0
DNK,h6,
DNK,h4,100.0
DNK,t1,100.0
BTN,h3,100.0
BTN,t5,0.0
BTN,t3,0.0
BTN,t2,0.0
BTN,a3,0.0
BTN,cr2,33.0
BTN,cr4,33.0
BTN,p2,100.0
BTN,a1,100.0
BTN,t6,0.0
BTN,h2,100.0
BTN,cv5b,12.0
BTN,a2,0.0
BTN,h1,100.0
BTN,t4,0.0
BTN,h5,100.0
BTN,cr1,5.0
BTN,h6,
BTN,h4,100.0
BTN,t1,100.0
USA,h3,100.0
USA,t5,0.0
USA,t3,0.0
USA,t2,0.0
USA,a3,0.0
USA,cr2,5.0
USA,cr4,72.0
USA,p2,100.0
USA,a1,100.0
USA,t6,0.0
USA,h2,100.0
USA,cv5b,12.0
USA,a2,0.0
USA,h1,100.0
USA,t4,0.0
USA,h5,100.0
USA,cr1,5.0
USA,h6,
USA,h4,100.0
USA,t1,100.0
COD,h3,100.0
COD,t5,0.0
COD,t3,0.0
COD,t2,0.0
COD,a3,0.0
COD,cr2,5.0
COD,cr4,11.0
COD,p2,100.0
COD,a1,100.0
COD,t6,0.0
COD,h2,100.0
COD,cv5b,12.0
COD,a2,0.0
COD,h1,100.0
COD,t4,0.0
COD,h5,100.0
COD,cr1,5.0
COD,h6,
COD,h4,100.0
COD,t1,100.0
NPL,h3,100.0
NPL,t5,0.0
NPL,t3,0.0
NPL,t2,0.0
NPL,a3,0.0
NPL,cr2,33.0
NPL,cr4,33.0
NPL,p2,100.0
NPL,a1,100.0
NPL,t6,0.0
NPL,h2,100.0
NPL,cv5b,12.0
NPL,a2,0.0
NPL,h1,100.0
NPL,t4,0.0
NPL,h5,100.0
NPL,cr1,5.0
NPL,h6,
NPL,h4,100.0
NPL,t1,100.0
BHS,h3,100.0
BHS,t5,0.0
BHS,t3,0.0
BHS,t2,0.0
BHS,a3,0.0
BHS,cr2,10.0
BHS,cr4,22.0
BHS,p2,100.0
BHS,a1,100.0
BHS,t6,0.0
BHS,h2,100.0
BHS,cv5b,12.0
BHS,a2,0.0
BHS,h1,100.0
BHS,t4,0.0
BHS,h5,100.0
BHS,cr1,5.0
BHS,h6,
BHS,h4,100.0
BHS,t1,100.0
BIH,h3,100.0
BIH,t5,0.0
BIH,t3,0.0
BIH,t2,0.0
BIH,a3,0.0
BIH,cr2,36.0
BIH,cr4,36.0
BIH,p2,100.0
BIH,a1,100.0
BIH,t6,0.0
BIH,h2,100.0
BIH,cv5b,12.0
BIH,a2,0.0
BIH,h1,100.0
BIH,t4,0.0
BIH,h5,100.0
BIH,cr1,5.0
BIH,h6,
BIH,h4,100.0
BIH,t1,100.0
CYP,h3,100.0
CYP,t5,0.0
CYP,t3,0.0
CYP,t2,0.0
CYP,a3,0.0
CYP,cr2,72.0
CYP,cr4,72.0
CYP,p2,100.0
CYP,a1,100.0
CYP,t6,0.0
CYP,h2,100.0
CYP,cv5b,12.0
CYP,a2,0.0
CYP,h1,100.0
CYP,t4,0.0
CYP,h5,100.0
CYP,cr1,5.0
CYP,h6,
CYP,h4,100.0
CYP,t1,100.0
RUS,h3,100.0
RUS,t5,0.0
RUS,t3,0.0
RUS,t2,0.0
RUS,a3,0.0
RUS,cr2,36.0
RUS,cr4,36.0
RUS,p2,100.0
RUS,a1,100.0
RUS,t6,0.0
RUS,h2,100.0
RUS,cv5b,12.0
RUS,a2,0.0
RUS,h1,100.0
RUS,t4,0.0
RUS,h5,100.0
RUS,cr1,5.0
RUS,h6,
RUS,h4,100.0
RUS,t1,100.0
TCD,h3,100.0
TCD,t5,0.0
TCD,t3,0.0
TCD,t2,0.0
TCD,a3,0.0
TCD,cr2,5.0
TCD,cr4,11.0
TCD,p2,100.0
TCD,a1,100.0
TCD,t6,0.0
TCD,h2,100.0
TCD,cv5b,12.0
TCD,a2,0.0
TCD,h1,100.0
TCD,t4,0.0
TCD,h5,100.0
TCD,cr1,5.0
TCD,h6,
TCD,h4,100.0
TCD,t1,100.0
SWZ,h3,100.0
SWZ,t5,0.0
SWZ,t3,0.0
SWZ,t2,0.0
SWZ,a3,0.0
SWZ,cr2,5.0
SWZ,cr4,11.0
SWZ,p2,100.0
SWZ,a1,100.0
SWZ,t6,0.0
SWZ,h2,100.0
SWZ,cv5b,12.0
SWZ,a2,0.0
SWZ,h1,100.0
SWZ,t4,0.0
SWZ,h5,100.0
SWZ,cr1,5.0
SWZ,h6,
SWZ,h4,100.0
SWZ,t1,100.0
GBR,h3,100.0
GBR,t5,0.0
GBR,t3,0.0
GBR,t2,0.0
GBR,a3,0.0
GBR,cr2,72.0
GBR,cr4,72.0
GBR,p2,100.0
GBR,a1,100.0
GBR,t6,0.0
GBR,h2,100.0
GBR,cv5b,12.0
GBR,a2,0.0
GBR,h1,100.0
GBR,t4,0.0
GBR,h5,100.0
GBR,cr1,5.0
GBR,h6,
GBR,h4,100.0
GBR,t1,100.0
JAM,h3,100.0
JAM,t5,0.0
JAM,t3,0.0
JAM,t2,0.0
JAM,a3,0.0
JAM,cr2,10.0
JAM,cr4,22.0
JAM,p2,100.0
JAM,a1,100.0
JAM,t6,0.0
JAM,h2,100.0
JAM,cv5b,12.0
JAM,a2,0.0
JAM,h1,100.0
JAM,t4,0.0
JAM,h5,100.0
JAM,cr1,5.0
JAM,h6,
JAM,h4,100.0
JAM,t1,100.0
ISR,h3,100.0
ISR,t5,0.0
ISR,t3,0.0
ISR,t2,0.0
ISR,a3,0.0
ISR,cr2,72.0
ISR,cr4,72.0
ISR,p2,100.0
ISR,a1,100.0
ISR,t6,0.0
ISR,h2,100.0
ISR,cv5b,12.0
ISR,a2,0.0
ISR,h1,100.0
ISR,t4,0.0
ISR,h5,100.0
ISR,cr1,5.0
ISR,h6,
ISR,h4,100.0
ISR,t1,100.0
TUN,h3,100.0
TUN,t5,0.0
TUN,t3,0.0
TUN,t2,0.0
TUN,a3,0.0
TUN,cr2,10.0
TUN,cr4,22.0
TUN,p2,100.0
TUN,a1,100.0
TUN,t6,0.0
TUN,h2,100.0
TUN,cv5b,12.0
TUN,a2,0.0
TUN,h1,100.0
TUN,t4,0.0
TUN,h5,100.0
TUN,cr1,5.0
TUN,h6,
TUN,h4,100.0
TUN,t1,100.0
BRB,h3,100.0
BRB,t5,0.0
BRB,t3,0.0
BRB,t2,0.0
BRB,a3,0.0
BRB,cr2,10.0
BRB,cr4,22.0
BRB,p2,100.0
BRB,a1,100.0
BRB,t6,0.0
BRB,h2,100.0
BRB,cv5b,12.0
BRB,a2,0.0
BRB,h1,100.0
BRB,t4,0.0
BRB,h5,100.0
BRB,cr1,5.0
BRB,h6,
BRB,h4,100.0
BRB,t1,100.0
SYC,h3,100.0
SYC,t5,0.0
SYC,t3,0.0
SYC,t2,0.0
SYC,a3,0.0
SYC,cr2,5.0
SYC,cr4,11.0
SYC,p2,100.0
SYC,a1,100.0
SYC,t6,0.0
SYC,h2,100.0
SYC,cv5b,12.0
SYC,a2,0.0
SYC,h1,100.0
SYC,t4,0.0
SYC,h5,100.0
SYC,cr1,5.0
SYC,h6,
SYC,h4,100.0
SYC,t1,100.0
LBR,h3,100.0
LBR,t5,0.0
LBR,t3,0.0
LBR,t2,0.0
LBR,a3,0.0
LBR,cr2,5.0
LBR,cr4,11.0
LBR,p2,100.0
LBR,a1,100.0
LBR,t6,0.0
LBR,h2,100.0
LBR,cv5b,12.0
LBR,a2,0.0
LBR,h1,100.0
LBR,t4,0.0
LBR,h5,100.0
LBR,cr1,5.0
LBR,h6,
LBR,h4,100.0
LBR,t1,100.0
MEX,h3,100.0
MEX,t5,0.0
MEX,t3,0.0
MEX,t2,0.0
MEX,a3,0.0
MEX,cr2,10.0
MEX,cr4,22.0
MEX,p2,100.0
MEX,a1,100.0
MEX,t6,0.0
MEX,h2,100.0
MEX,cv5b,12.0
MEX,a2,0.0
MEX,h1,100.0
MEX,t4,0.0
MEX,h5,100.0
MEX,cr1,5.0
MEX,h6,
MEX,h4,100.0
MEX,t1,100.0
UGA,h3,100.0
UGA,t5,0.0
UGA,t3,0.0
UGA,t2,0.0
UGA,a3,0.0
UGA,cr2,5.0
UGA,cr4,11.0
UGA,p2,100.0
UGA,a1,100.0
UGA,t6,0.0
UGA,h2,100.0
UGA,cv5b,12.0
UGA,a2,0.0
UGA,h1,100.0
UGA,t4,0.0
UGA,h5,100.0
UGA,cr1,5.0
UGA,h6,
UGA,h4,100.0
UGA,t1,100.0
NER,h3,100.0
NER,t5,0.0
NER,t3,0.0
NER,t2,0.0
NER,a3,0.0
NER,cr2,5.0
NER,cr4,11.0
NER,p2,100.0
NER,a1,100.0
NER,t6,0.0
NER,h2,100.0
NER,cv5b,12.0
NER,a2,0.0
NER,h1,100.0
NER,t4,0.0
NER,h5,100.0
NER,cr1,5.0
NER,h6,
NER,h4,100.0
NER,t1,100.0
ESP,h3,100.0
ESP,t5,0.0
ESP,t3,0.0
ESP,t2,0.0
ESP,a3,0.0
ESP,cr2,72.0
ESP,cr4,72.0
ESP,p2,100.0
ESP,a1,100.0
ESP,t6,0.0
ESP,h2,100.0
ESP,cv5b,12.0
ESP,a2,0.0
ESP,h1,100.0
ESP,t4,0.0
ESP,h5,100.0
ESP,cr1,5.0
ESP,h6,
ESP,h4,100.0
ESP,t1,100.0
GAB,h3,100.0
GAB,t5,0.0
GAB,t3,0.0
GAB,t2,0.0
GAB,a3,0.0
GAB,cr2,5.0
GAB,cr4,11.0
GAB,p2,100.0
GAB,a1,100.0
GAB,t6,0.0
GAB,h2,100.0
GAB,cv5b,12.0
GAB,a2,0.0
GAB,h1,100.0
GAB,t4,0.0
GAB,h5,100.0
GAB,cr1,5.0
GAB,h6,
GAB,h4,100.0
GAB,t1,100.0
MLT,h3,100.0
MLT,t5,0.0
MLT,t3,0.0
MLT,t2,0.0
MLT,a3,0.0
MLT,cr2,72.0
MLT,cr4,72.0
MLT,p2,100.0
MLT,a1,100.0
MLT,t6,0.0
MLT,h2,100.0
MLT,cv5b,12.0
MLT,a2,0.0
MLT,h1,100.0
MLT,t4,0.0
MLT,h5,100.0
MLT,cr1,5.0
MLT,h6,
MLT,h4,100.0
MLT,t1,100.0
GHA,h3,100.0
GHA,t5,0.0
GHA,t3,0.0
GHA,t2,0.0
GHA,a3,0.0
GHA,cr2,5.0
GHA,cr4,11.0
GHA,p2,100.0
GHA,a1,100.0
GHA,t6,0.0
GHA,h2,100.0
GHA,cv5b,12.0
GHA,a2,0.0
GHA,h1,100.0
GHA,t4,0.0
GHA,h5,100.0
GHA,cr1,5.0
GHA,h6,
GHA,h4,100.0
GHA,t1,100.0
NOR,h3,100.0
NOR,t5,0.0
NOR,t3,0.0
NOR,t2,0.0
NOR,a3,0.0
NOR,cr2,72.0
NOR,cr4,72.0
NOR,p2,100.0
NOR,a1,100.0
NOR,t6,0.0
NOR,h2,100.0
NOR,cv5b,12.0
NOR,a2,0.0
NOR,h1,100.0
NOR,t4,0.0
NOR,h5,100.0
NOR,cr1,5.0
NOR,h6,
NOR,h4,100.0
NOR,t1,100.0
MWI,h3,100.0
MWI,t5,0.0
MWI,t3,0.0
MWI,t2,0.0
MWI,a3,0.0
MWI,cr2,5.0
MWI,cr4,11.0
MWI,p2,100.0
MWI,a1,100.0
MWI,t6,0.0
MWI,h2,100.0
MWI,cv5b,12.0
MWI,a2,0.0
MWI,h1,100.0
MWI,t4,0.0
MWI,h5,100.0
MWI,cr1,5.0
MWI,h6,
MWI,h4,100.0
MWI,t1,100.0
SLV,h3,100.0
SLV,t5,0.0
SLV,t3,0.0
SLV,t2,0.0
SLV,a3,0.0
SLV,cr2,10.0
SLV,cr4,22.0
SLV,p2,100.0
SLV,a1,100.0
SLV,t6,0.0
SLV,h2,100.0
SLV,cv5b,12.0
SLV,a2,0.0
SLV,h1,100.0
SLV,t4,0.0
SLV,h5,100.0
SLV,cr1,5.0
SLV,h6,
SLV,h4,100.0
SLV,t1,100.0
PAK,h3,100.0
PAK,t5,0.0
PAK,t3,0.0
PAK,t2,0.0
PAK,a3,0.0
PAK,cr2,33.0
PAK,cr4,33.0
PAK,p2,100.0
PAK,a1,100.0
PAK,t6,0.0
PAK,h2,100.0
PAK,cv5b,12.0
PAK,a2,0.0
PAK,h1,100.0
PAK,t4,0.0
PAK,h5,100.0
PAK,cr1,5.0
PAK,h6,
PAK,h4,100.0
PAK,t1,100.0
KGZ,h3,100.0
KGZ,t5,0.0
KGZ,t3,0.0
KGZ,t2,0.0
KGZ,a3,0.0
KGZ,cr2,33.0
KGZ,cr4,33.0
KGZ,p2,100.0
KGZ,a1,100.0
KGZ,t6,0.0
KGZ,h2,100.0
KGZ,cv5b,12.0
KGZ,a2,0.0
KGZ,h1,100.0
KGZ,t4,0.0
KGZ,h5,100.0
KGZ,cr1,5.0
KGZ,h6,
KGZ,h4,100.0
KGZ,t1,100.0
NIC,h3,100.0
NIC,t5,0.0
NIC,t3,0.0
NIC,t2,0.0
NIC,a3,0.0
NIC,cr2,10.0
NIC,cr4,22.0
NIC,p2,100.0
NIC,a1,100.0
NIC,t6,0.0
NIC,h2,100.0
NIC,cv5b,12.0
NIC,a2,0.0
NIC,h1,100.0
NIC,t4,0.0
NIC,h5,100.0
NIC,cr1,5.0
NIC,h6,
NIC,h4,100.0
NIC,t1,100.0
PER,h3,100.0
PER,t5,0.0
PER,t3,0.0
PER,t2,0.0
PER,a3,0.0
PER,cr2,10.0
PER,cr4,22.0
PER,p2,100.0
PER,a1,100.0
PER,t6,0.0
PER,h2,100.0
PER,cv5b,12.0
PER,a2,0.0
PER,h1,100.0
PER,t4,0.0
PER,h5,100.0
PER,cr1,5.0
PER,h6,
PER,h4,100.0
PER,t1,100.0
MAR,h3,100.0
MAR,t5,0.0
MAR,t3,0.0
MAR,t2,0.0
MAR,a3,0.0
MAR,cr2,10.0
MAR,cr4,22.0
MAR,p2,100.0
MAR,a1,100.0
MAR,t6,0.0
MAR,h2,100.0
MAR,cv5b,12.0
MAR,a2,0.0
MAR,h1,100.0
MAR,t4,0.0
MAR,h5,100.0
MAR,cr1,5.0
MAR,h6,
MAR,h4,100.0
MAR,t1,100.0
UKR,h3,100.0
UKR,t5,0.0
UKR,t3,0.0
UKR,t2,0.0
UKR,a3,0.0
UKR,cr2,36.0
UKR,cr4,36.0
UKR,p2,100.0
UKR,a1,100.0
UKR,t6,0.0
UKR,h2,100.0
UKR,cv5b,12.0
UKR,a2,0.0
UKR,h1,100.0
UKR,t4,0.0
UKR,h5,100.0
UKR,cr1,5.0
UKR,h6,
UKR,h4,100.0
UKR,t1,100.0
TZA,h3,100.0
TZA,t5,0.0
TZA,t3,0.0
TZA,t2,0.0
TZA,a3,0.0
TZA,cr2,5.0
TZA,cr4,11.0
TZA,p2,100.0
TZA,a1,100.0
TZA,t6,0.0
TZA,h2,100.0
TZA,cv5b,12.0
TZA,a2,0.0
TZA,h1,100.0
TZA,t4,0.0
TZA,h5,100.0
TZA,cr1,5.0
TZA,h6,
TZA,h4,100.0
TZA,t1,100.0
NAM,h3,100.0
NAM,t5,0.0
NAM,t3,0.0
NAM,t2,0.0
NAM,a3,0.0
NAM,cr2,5.0
NAM,cr4,11.0
NAM,p2,100.0
NAM,a1,100.0
NAM,t6,0.0
NAM,h2,100.0
NAM,cv5b,12.0
NAM,a2,0.0
NAM,h1,100.0
NAM,t4,0.0
NAM,h5,100.0
NAM,cr1,5.0
NAM,h6,
NAM,h4,100.0
NAM,t1,100.0
YEM,h3,100.0
YEM,t5,0.0
YEM,t3,0.0
YEM,t2,0.0
YEM,a3,0.0
YEM,cr2,10.0
YEM,cr4,22.0
YEM,p2,100.0
YEM,a1,100.0
YEM,t6,0.0
YEM,h2,100.0
YEM,cv5b,12.0
YEM,a2,0.0
YEM,h1,100.0
YEM,t4,0.0
YEM,h5,100.0
YEM,cr1,5.0
YEM,h6,
YEM,h4,100.0
YEM,t1,100.0
TON,h3,100.0
TON,t5,0.0
TON,t3,0.0
TON,t2,0.0
TON,a3,0.0
TON,cr2,5.0
TON,cr4,11.0
TON,p2,100.0
TON,a1,100.0
TON,t6,0.0
TON,h2,100.0
TON,cv5b,12.0
TON,a2,0.0
TON,h1,100.0
TON,t4,0.0
TON,h5,100.0
TON,cr1,5.0
TON,h6,
TON,h4,100.0
TON,t1,100.0
BLZ,h3,100.0
BLZ,t5,0.0
BLZ,t3,0.0
BLZ,t2,0.0
BLZ,a3,0.0
BLZ,cr2,10.0
BLZ,cr4,22.0
BLZ,p2,100.0
BLZ,a1,100.0
BLZ,t6,0.0
BLZ,h2,100.0
BLZ,cv5b,12.0
BLZ,a2,0.0
BLZ,h1,100.0
BLZ,t4,0.0
BLZ,h5,100.0
BLZ,cr1,5.0
BLZ,h6,
BLZ,h4,100.0
BLZ,t1,100.0
TTO,h3,100.0
TTO,t5,0.0
TTO,t3,0.0
TTO,t2,0.0
TTO,a3,0.0
TTO,cr2,10.0
TTO,cr4,22.0
TTO,p2,100.0
TTO,a1,100.0
TTO,t6,0.0
TTO,h2,100.0
TTO,cv5b,12.0
TTO,a2,0.0
TTO,h1,100.0
TTO,t4,0.0
TTO,h5,100.0
TTO,cr1,5.0
TTO,h6,
TTO,h4,100.0
TTO,t1,100.0
OMN,h3,100.0
OMN,t5,0.0
OMN,t3,0.0
OMN,t2,0.0
OMN,a3,0.0
OMN,cr2,10.0
OMN,cr4,22.0
OMN,p2,100.0
OMN,a1,100.0
OMN,t6,0.0
OMN,h2,100.0
OMN,cv5b,12.0
OMN,a2,0.0
OMN,h1,100.0
OMN,t4,0.0
OMN,h5,100.0
OMN,cr1,5.0
OMN,h6,
OMN,h4,100.0
OMN,t1,100.0
IRQ,h3,100.0
IRQ,t5,0.0
IRQ,t3,0.0
IRQ,t2,0.0
IRQ,a3,0.0
IRQ,cr2,10.0
IRQ,cr4,22.0
IRQ,p2,100.0
IRQ,a1,100.0
IRQ,t6,0.0
IRQ,h2,100.0
IRQ,cv5b,12.0
IRQ,a2,0.0
IRQ,h1,100.0
IRQ,t4,0.0
IRQ,h5,100.0
IRQ,cr1,5.0
IRQ,h6,
IRQ,h4,100.0
IRQ,t1,100.0
ARM,h3,100.0
ARM,t5,0.0
ARM,t3,0.0
ARM,t2,0.0
ARM,a3,0.0
ARM,cr2,33.0
ARM,cr4,33.0
ARM,p2,100.0
ARM,a1,100.0
ARM,t6,0.0
ARM,h2,100.0
ARM,cv5b,12.0
ARM,a2,0.0
ARM,h1,100.0
ARM,t4,0.0
ARM,h5,100.0
ARM,cr1,5.0
ARM,h6,
ARM,h4,100.0
ARM,t1,100.0
BEL,h3,100.0
BEL,t5,0.0
BEL,t3,0.0
BEL,t2,0.0
BEL,a3,0.0
BEL,cr2,72.0
BEL,cr4,72.0
BEL,p2,100.0
BEL,a1,100.0
BEL,t6,0.0
BEL,h2,100.0
BEL,cv5b,12.0
BEL,a2,0.0
BEL,h1,100.0
BEL,t4,0.0
BEL,h5,100.0
BEL,cr1,5.0
BEL,h6,
BEL,h4,100.0
BEL,t1,100.0
CMR,h3,100.0
CMR,t5,0.0
CMR,t3,0.0
CMR,t2,0.0
CMR,a3,0.0
CMR,cr2,5.0
CMR,cr4,11.0
CMR,p2,100.0
CMR,a1,100.0
CMR,t6,0.0
CMR,h2,100.0
CMR,cv5b,12.0
CMR,a2,0.0
CMR,h1,100.0
CMR,t4,0.0
CMR,h5,100.0
CMR,cr1,5.0
CMR,h6,
CMR,h4,100.0
CMR,t1,100.0
HTI,h3,100.0
HTI,t5,0.0
HTI,t3,0.0
HTI,t2,0.0
HTI,a3,0.0
HTI,cr2,10.0
HTI,cr4,22.0
HTI,p2,100.0
HTI,a1,100.0
HTI,t6,0.0
HTI,h2,100.0
HTI,cv5b,12.0
HTI,a2,0.0
HTI,h1,100.0
HTI,t4,0.0
HTI,h5,100.0
HTI,cr1,5.0
HTI,h6,
HTI,h4,100.0
HTI,t1,100.0
BFA,h3,100.0
BFA,t5,0.0
BFA,t3,0.0
BFA,t2,0.0
BFA,a3,0.0
BFA,cr2,5.0
BFA,cr4,11.0
BFA,p2,100.0
BFA,a1,100.0
BFA,t6,0.0
BFA,h2,100.0
BFA,cv5b,12.0
BFA,a2,0.0
BFA,h1,100.0
BFA,t4,0.0
BFA,h5,100.0
BFA,cr1,5.0
BFA,h6,
BFA,h4,100.0
BFA,t1,100.0
ARE,h3,100.0
ARE,t5,0.0
ARE,t3,0.0
ARE,t2,0.0
ARE,a3,0.0
ARE,cr2,10.0
ARE,cr4,22.0
ARE,p2,100.0
ARE,a1,100.0
ARE,t6,0.0
ARE,h2,100.0
ARE,cv5b,12.0
ARE,a2,0.0
ARE,h1,100.0
ARE,t4,0.0
ARE,h5,100.0
ARE,cr1,5.0
ARE,h6,
ARE,h4,100.0
ARE,t1,100.0
MMR,h3,100.0
MMR,t5,0.0
MMR,t3,0.0
MMR,t2,0.0
MMR,a3,0.0
MMR,cr2,33.0
MMR,cr4,33.0
MMR,p2,100.0
MMR,a1,100.0
MMR,t6,0.0
MMR,h2,100.0
MMR,cv5b,12.0
MMR,a2,0.0
MMR,h1,100.0
MMR,t4,0.0
MMR,h5,100.0
MMR,cr1,5.0
MMR,h6,
MMR,h4,100.0
MMR,t1,100.0
LTU,h3,100.0
LTU,t5,0.0
LTU,t3,0.0
LTU,t2,0.0
LTU,a3,0.0
LTU,cr2,36.0
LTU,cr4,36.0
LTU,p2,100.0
LTU,a1,100.0
LTU,t6,0.0
LTU,h2,100.0
LTU,cv5b,12.0
LTU,a2,0.0
LTU,h1,100.0
LTU,t4,0.0
LTU,h5,100.0
LTU,cr1,5.0
LTU,h6,
LTU,h4,100.0
LTU,t1,100.0
ECU,h3,100.0
ECU,t5,0.0
ECU,t3,0.0
ECU,t2,0.0
ECU,a3,0.0
ECU,cr2,10.0
ECU,cr4,22.0
ECU,p2,100.0
ECU,a1,100.0
ECU,t6,0.0
ECU,h2,100.0
ECU,cv5b,12.0
ECU,a2,0.0
ECU,h1,100.0
ECU,t4,0.0
ECU,h5,100.0
ECU,cr1,5.0
ECU,h6,
ECU,h4,100.0
ECU,t1,100.0
ITA,h3,100.0
ITA,t5,0.0
ITA,t3,0.0
ITA,t2,0.0
ITA,a3,0.0
ITA,cr2,72.0
ITA,cr4,72.0
ITA,p2,100.0
ITA,a1,100.0
ITA,t6,0.0
ITA,h2,100.0
ITA,cv5b,12.0
ITA,a2,0.0
ITA,h1,100.0
ITA,t4,0.0
ITA,h5,100.0
ITA,cr1,5.0
ITA,h6,
ITA,h4,100.0
ITA,t1,100.0
VNM,h3,100.0
VNM,t5,0.0
VNM,t3,0.0
VNM,t2,0.0
VNM,a3,0.0
VNM,cr2,33.0
VNM,cr4,33.0
VNM,p2,100.0
VNM,a1,100.0
VNM,t6,0.0
VNM,h2,100.0
VNM,cv5b,12.0
VNM,a2,0.0
VNM,h1,100.0
VNM,t4,0.0
VNM,h5,100.0
VNM,cr1,5.0
VNM,h6,
VNM,h4,100.0
VNM,t1,100.0
HUN,h3,100.0
HUN,t5,0.0
HUN,t3,0.0
HUN,t2,0.0
HUN,a3,0.0
HUN,cr2,36.0
HUN,cr4,36.0
HUN,p2,100.0
HUN,a1,100.0
HUN,t6,0.0
HUN,h2,100.0
HUN,cv5b,12.0
HUN,a2,0.0
HUN,h1,100.0
HUN,t4,0.0
HUN,h5,100.0
HUN,cr1,5.0
HUN,h6,
HUN,h4,100.0
HUN,t1,100.0
KAZ,h3,100.0
KAZ,t5,0.0
KAZ,t3,0.0
KAZ,t2,0.0
KAZ,a3,0.0
KAZ,cr2,33.0
KAZ,cr4,33.0
KAZ,p2,100.0
KAZ,a1,100.0
KAZ,t6,0.0
KAZ,h2,100.0
KAZ,cv5b,12.0
KAZ,a2,0.0
KAZ,h1,100.0
KAZ,t4,0.0
KAZ,h5,100.0
KAZ,cr1,5.0
KAZ,h6,
KAZ,h4,100.0
KAZ,t1,100.0
DEU,h3,100.0
DEU,t5,0.0
DEU,t3,0.0
DEU,t2,0.0
DEU,a3,0.0
DEU,cr2,72.0
DEU,cr4,72.0
DEU,p2,100.0
DEU,a1,100.0
DEU,t6,0.0
DEU,h2,100.0
DEU,cv5b,12.0
DEU,a2,0.0
DEU,h1,100.0
DEU,t4,0.0
DEU,h5,100.0
DEU,cr1,5.0
DEU,h6,
DEU,h4,100.0
DEU,t1,100.0
ZWE,h3,100.0
ZWE,t5,0.0
ZWE,t3,0.0
ZWE,t2,0.0
ZWE,a3,0.0
ZWE,cr2,5.0
ZWE,cr4,11.0
ZWE,p2,100.0
ZWE,a1,100.0
ZWE,t6,0.0
ZWE,h2,100.0
ZWE,cv5b,12.0
ZWE,a2,0.0
ZWE,h1,100.0
ZWE,t4,0.0
ZWE,h5,100.0
ZWE,cr1,5.0
ZWE,h6,
ZWE,h4,100.0
ZWE,t1,100.0
NGA,h3,100.0
NGA,t5,0.0
NGA,t3,0.0
NGA,t2,0.0
NGA,a3,0.0
NGA,cr2,5.0
NGA,cr4,11.0
NGA,p2,100.0
NGA,a1,100.0
NGA,t6,0.0
NGA,h2,100.0
NGA,cv5b,12.0
NGA,a2,0.0
NGA,h1,100.0
NGA,t4,0.0
NGA,h5,100.0
NGA,cr1,5.0
NGA,h6,
NGA,h4,100.0
NGA,t1,100.0
CRI,h3,100.0
CRI,t5,0.0
CRI,t3,0.0
CRI,t2,0.0
CRI,a3,0.0
CRI,cr2,10.0
CRI,cr4,22.0
CRI,p2,100.0
CRI,a1,100.0
CRI,t6,0.0
CRI,h2,100.0
CRI,cv5b,12.0
CRI,a2,0.0
CRI,h1,100.0
CRI,t4,0.0
CRI,h5,100.0
CRI,cr1,5.0
CRI,h6,
CRI,h4,100.0
CRI,t1,100.0
SAU,h3,100.0
SAU,t5,0.0
SAU,t3,0.0
SAU,t2,0.0
SAU,a3,0.0
SAU,cr2,10.0
SAU,cr4,22.0
SAU,p2,100.0
SAU,a1,100.0
SAU,t6,0.0
SAU,h2,100.0
SAU,cv5b,12.0
SAU,a2,0.0
SAU,h1,100.0
SAU,t4,0.0
SAU,h5,100.0
SAU,cr1,5.0
SAU,h6,
SAU,h4,100.0
SAU,t1,100.0
SOM,h3,100.0
SOM,t5,0.0
SOM,t3,0.0
SOM,t2,0.0
SOM,a3,0.0
SOM,cr2,5.0
SOM,cr4,11.0
SOM,p2,100.0
SOM,a1,100.0
SOM,t6,0.0
SOM,h2,100.0
SOM,cv5b,12.0
SOM,a2,0.0
SOM,h1,100.0
SOM,t4,0.0
SOM,h5,100.0
SOM,cr1,5.0
SOM,h6,
SOM,h4,100.0
SOM,t1,100.0
UZB,h3,100.0
UZB,t5,0.0
UZB,t3,0.0
UZB,t2,0.0
UZB,a3,0.0
UZB,cr2,33.0
UZB,cr4,33.0
UZB,p2,100.0
UZB,a1,100.0
UZB,t6,0.0
UZB,h2,100.0
UZB,cv5b,12.0
UZB,a2,0.0
UZB,h1,100.0
UZB,t4,0.0
UZB,h5,100.0
UZB,cr1,5.0
UZB,h6,
UZB,h4,100.0
UZB,t1,100.0
SUR,h3,100.0
SUR,t5,0.0
SUR,t3,0.0
SUR,t2,0.0
SUR,a3,0.0
SUR,cr2,10.0
SUR,cr4,22.0
SUR,p2,100.0
SUR,a1,100.0
SUR,t6,0.0
SUR,h2,100.0
SUR,cv5b,12.0
SUR,a2,0.0
SUR,h1,100.0
SUR,t4,0.0
SUR,h5,100.0
SUR,cr1,5.0
SUR,h6,
SUR,h4,100.0
SUR,t1,100.0
FIN,h3,100.0
FIN,t5,0.0
FIN,t3,0.0
FIN,t2,0.0
FIN,a3,0.0
FIN,cr2,72.0
FIN,cr4,72.0
FIN,p2,100.0
FIN,a1,100.0
FIN,t6,0.0
FIN,h2,100.0
FIN,cv5b,12.0
FIN,a2,0.0
FIN,h1,100.0
FIN,t4,0.0
FIN,h5,100.0
FIN,cr1,5.0
FIN,h6,
FIN,h4,100.0
FIN,t1,100.0
ETH,h3,100.0
ETH,t5,0.0
ETH,t3,0.0
ETH,t2,0.0
ETH,a3,0.0
ETH,cr2,5.0
ETH,cr4,11.0
ETH,p2,100.0
ETH,a1,100.0
ETH,t6,0.0
ETH,h2,100.0
ETH,cv5b,12.0
ETH,a2,0.0
ETH,h1,100.0
ETH,t4,0.0
ETH,h5,100.0
ETH,cr1,5.0
ETH,h6,
ETH,h4,100.0
ETH,t1,100.0
POL,h3,100.0
POL,t5,0.0
POL,t3,0.0
POL,t2,0.0
POL,a3,0.0
POL,cr2,36.0
POL,cr4,36.0
POL,p2,100.0
POL,a1,100.0
POL,t6,0.0
POL,h2,100.0
POL,cv5b,12.0
POL,a2,0.0
POL,h1,100.0
POL,t4,0.0
POL,h5,100.0
POL,cr1,5.0
POL,h6,
POL,h4,100.0
POL,t1,100.0
CIV,h3,100.0
CIV,t5,0.0
CIV,t3,0.0
CIV,t2,0.0
CIV,a3,0.0
CIV,cr2,5.0
CIV,cr4,11.0
CIV,p2,100.0
CIV,a1,100.0
CIV,t6,0.0
CIV,h2,100.0
CIV,cv5b,12.0
CIV,a2,0.0
CIV,h1,100.0
CIV,t4,0.0
CIV,h5,100.0
CIV,cr1,5.0
CIV,h6,
CIV,h4,100.0
CIV,t1,100.0
LKA,h3,100.0
LKA,t5,0.0
LKA,t3,0.0
LKA,t2,0.0
LKA,a3,0.0
LKA,cr2,33.0
LKA,cr4,33.0
LKA,p2,100.0
LKA,a1,100.0
LKA,t6,0.0
LKA,h2,100.0
LKA,cv5b,12.0
LKA,a2,0.0
LKA,h1,100.0
LKA,t4,0.0
LKA,h5,100.0
LKA,cr1,5.0
LKA,h6,
LKA,h4,100.0
LKA,t1,100.0
COG,h3,100.0
COG,t5,0.0
COG,t3,0.0
COG,t2,0.0
COG,a3,0.0
COG,cr2,5.0
COG,cr4,11.0
COG,p2,100.0
COG,a1,100.0
COG,t6,0.0
COG,h2,100.0
COG,cv5b,12.0
COG,a2,0.0
COG,h1,100.0
COG,t4,0.0
COG,h5,100.0
COG,cr1,5.0
COG,h6,
COG,h4,100.0
COG,t1,100.0
CUB,h3,100.0
CUB,t5,0.0
CUB,t3,0.0
CUB,t2,0.0
CUB,a3,0.0
CUB,cr2,10.0
CUB,cr4,22.0
CUB,p2,100.0
CUB,a1,100.0
CUB,t6,0.0
CUB,h2,100.0
CUB,cv5b,12.0
CUB,a2,0.0
CUB,h1,100.0
CUB,t4,0.0
CUB,h5,100.0
CUB,cr1,5.0
CUB,h6,
CUB,h4,100.0
CUB,t1,100.0
BGD,h3,100.0
BGD,t5,0.0
BGD,t3,0.0
BGD,t2,0.0
BGD,a3,0.0
BGD,cr2,33.0
BGD,cr4,33.0
BGD,p2,100.0
BGD,a1,100.0
BGD,t6,0.0
BGD,h2,100.0
BGD,cv5b,12.0
BGD,a2,0.0
BGD,h1,100.0
BGD,t4,0.0
BGD,h5,100.0
BGD,cr1,5.0
BGD,h6,
BGD,h4,100.0
BGD,t1,100.0
KOR,h3,100.0
KOR,t5,0.0
KOR,t3,0.0
KOR,t2,0.0
KOR,a3,0.0
KOR,cr2,10.0
KOR,cr4,10.0
KOR,p2,100.0
KOR,a1,100.0
KOR,t6,0.0
KOR,h2,100.0
KOR,cv5b,12.0
KOR,a2,0.0
KOR,h1,100.0
KOR,t4,0.0
KOR,h5,100.0
KOR,cr1,5.0
KOR,h6,
KOR,h4,100.0
KOR,t1,100.0
AUS,h3,100.0
AUS,t5,0.0
AUS,t3,0.0
AUS,t2,0.0
AUS,a3,0.0
AUS,cr2,72.0
AUS,cr4,72.0
AUS,p2,100.0
AUS,a1,100.0
AUS,t6,0.0
AUS,h2,100.0
AUS,cv5b,12.0
AUS,a2,0.0
AUS,h1,100.0
AUS,t4,0.0
AUS,h5,100.0
AUS,cr1,5.0
AUS,h6,
AUS,h4,100.0
AUS,t1,100.0
TJK,h3,100.0
TJK,t5,0.0
TJK,t3,0.0
TJK,t2,0.0
TJK,a3,0.0
TJK,cr2,33.0
TJK,cr4,33.0
TJK,p2,100.0
TJK,a1,100.0
TJK,t6,0.0
TJK,h2,100.0
TJK,cv5b,12.0
TJK,a2,0.0
TJK,h1,100.0
TJK,t4,0.0
TJK,h5,100.0
TJK,cr1,5.0
TJK,h6,
TJK,h4,100.0
TJK,t1,100.0
GRD,h3,100.0
GRD,t5,0.0
GRD,t3,0.0
GRD,t2,0.0
GRD,a3,0.0
GRD,cr2,10.0
GRD,cr4,22.0
GRD,p2,100.0
GRD,a1,100.0
GRD,t6,0.0
GRD,h2,100.0
GRD,cv5b,12.0
GRD,a2,0.0
GRD,h1,100.0
GRD,t4,0.0
GRD,h5,100.0
GRD,cr1,5.0
GRD,h6,
GRD,h4,100.0
GRD,t1,100.0
SGP,h3,100.0
SGP,t5,0.0
SGP,t3,0.0
SGP,t2,0.0
SGP,a3,0.0
SGP,cr2,10.0
SGP,cr4,10.0
SGP,p2,100.0
SGP,a1,100.0
SGP,t6,0.0
SGP,h2,100.0
SGP,cv5b,12.0
SGP,a2,0.0
SGP,h1,100.0
SGP,t4,0.0
SGP,h5,100.0
SGP,cr1,5.0
SGP,h6,
SGP,h4,100.0
SGP,t1,100.0
CHE,h3,100.0
CHE,t5,0.0
CHE,t3,0.0
CHE,t2,0.0
CHE,a3,0.0
CHE,cr2,72.0
CHE,cr4,72.0
CHE,p2,100.0
CHE,a1,100.0
CHE,t6,0.0
CHE,h2,100.0
CHE,cv5b,12.0
CHE,a2,0.0
CHE,h1,100.0
CHE,t4,0.0
CHE,h5,100.0
CHE,cr1,5.0
CHE,h6,
CHE,h4,100.0
CHE,t1,100.0
TUR,h3,100.0
TUR,t5,0.0
TUR,t3,0.0
TUR,t2,0.0
TUR,a3,0.0
TUR,cr2,10.0
TUR,cr4,22.0
TUR,p2,100.0
TUR,a1,100.0
TUR,t6,0.0
TUR,h2,100.0
TUR,cv5b,12.0
TUR,a2,0.0
TUR,h1,100.0
TUR,t4,0.0
TUR,h5,100.0
TUR,cr1,5.0
TUR,h6,
TUR,h4,100.0
TUR,t1,100.0
KIR,h3,100.0
KIR,t5,0.0
KIR,t3,0.0
KIR,t2,0.0
KIR,a3,0.0
KIR,cr2,5.0
KIR,cr4,11.0
KIR,p2,100.0
KIR,a1,100.0
KIR,t6,0.0
KIR,h2,100.0
KIR,cv5b,12.0
KIR,a2,0.0
KIR,h1,100.0
KIR,t4,0.0
KIR,h5,100.0
KIR,cr1,5.0
KIR,h6,
KIR,h4,100.0
KIR,t1,100.0
ZMB,h3,100.0
ZMB,t5,0.0
ZMB,t3,0.0
ZMB,t2,0.0
ZMB,a3,0.0
ZMB,cr2,5.0
ZMB,cr4,11.0
ZMB,p2,100.0
ZMB,a1,100.0
ZMB,t6,0.0
ZMB,h2,100.0
ZMB,cv5b,12.0
ZMB,a2,0.0
ZMB,h1,100.0
ZMB,t4,0.0
ZMB,h5,100.0
ZMB,cr1,5.0
ZMB,h6,
ZMB,h4,100.0
ZMB,t1,100.0
CAN,h3,100.0
CAN,t5,0.0
CAN,t3,0.0
CAN,t2,0.0
CAN,a3,0.0
CAN,cr2,5.0
CAN,cr4,72.0
CAN,p2,100.0
CAN,a1,100.0
CAN,t6,0.0
CAN,h2,100.0
CAN,cv5b,12.0
CAN,a2,0.0
CAN,h1,100.0
CAN,t4,0.0
CAN,h5,100.0
CAN,cr1,5.0
CAN,h6,
CAN,h4,100.0
CAN,t1,100.0
FRA,h3,100.0
FRA,t5,0.0
FRA,t3,0.0
FRA,t2,0.0
FRA,a3,0.0
FRA,cr2,72.0
FRA,cr4,72.0
FRA,p2,100.0
FRA,a1,100.0
FRA,t6,0.0
FRA,h2,100.0
FRA,cv5b,12.0
FRA,a2,0.0
FRA,h1,100.0
FRA,t4,0.0
FRA,h5,100.0
FRA,cr1,5.0
FRA,h6,
FRA,h4,100.0
FRA,t1,100.0
ERI,h3,100.0
ERI,t5,0.0
ERI,t3,0.0
ERI,t2,0.0
ERI,a3,0.0
ERI,cr2,5.0
ERI,cr4,11.0
ERI,p2,100.0
ERI,a1,100.0
ERI,t6,0.0
ERI,h2,100.0
ERI,cv5b,12.0
ERI,a2,0.0
ERI,h1,100.0
ERI,t4,0.0
ERI,h5,100.0
ERI,cr1,5.0
ERI,h6,
ERI,h4,100.0
ERI,t1,100.0
ZAF,h3,100.0
ZAF,t5,0.0
ZAF,t3,0.0
ZAF,t2,0.0
ZAF,a3,0.0
ZAF,cr2,5.0
ZAF,cr4,11.0
ZAF,p2,100.0
ZAF,a1,100.0
ZAF,t6,0.0
ZAF,h2,100.0
ZAF,cv5b,12.0
ZAF,a2,0.0
ZAF,h1,100.0
ZAF,t4,0.0
ZAF,h5,100.0
ZAF,cr1,5.0
ZAF,h6,
ZAF,h4,100.0
ZAF,t1,100.0
MDG,h3,100.0
MDG,t5,0.0
MDG,t3,0.0
MDG,t2,0.0
MDG,a3,0.0
MDG,cr2,5.0
MDG,cr4,11.0
MDG,p2,100.0
MDG,a1,100.0
MDG,t6,0.0
MDG,h2,100.0
MDG,cv5b,12.0
MDG,a2,0.0
MDG,h1,100.0
MDG,t4,0.0
MDG,h5,100.0
MDG,cr1,5.0
MDG,h6,
MDG,h4,100.0
MDG,t1,100.0
ATG,h3,100.0
ATG,t5,0.0
ATG,t3,0.0
ATG,t2,0.0
ATG,a3,0.0
ATG,cr2,10.0
ATG,cr4,22.0
ATG,p2,100.0
ATG,a1,100.0
ATG,t6,0.0
ATG,h2,100.0
ATG,cv5b,12.0
ATG,a2,0.0
ATG,h1,100.0
ATG,t4,0.0
ATG,h5,100.0
ATG,cr1,5.0
ATG,h6,
ATG,h4,100.0
ATG,t1,100.0
GTM,h3,100.0
GTM,t5,0.0
GTM,t3,0.0
GTM,t2,0.0
GTM,a3,0.0
GTM,cr2,10.0
GTM,cr4,22.0
GTM,p2,100.0
GTM,a1,100.0
GTM,t6,0.0
GTM,h2,100.0
GTM,cv5b,12.0
GTM,a2,0.0
GTM,h1,100.0
GTM,t4,0.0
GTM,h5,100.0
GTM,cr1,5.0
GTM,h6,
GTM,h4,100.0
GTM,t1,100.0
EST,h3,100.0
EST,t5,0.0
EST,t3,0.0
EST,t2,0.0
EST,a3,0.0
EST,cr2,36.0
EST,cr4,36.0
EST,p2,100.0
EST,a1,100.0
EST,t6,0.0
EST,h2,100.0
EST,cv5b,12.0
EST,a2,0.0
EST,h1,100.0
EST,t4,0.0
EST,h5,100.0
EST,cr1,5.0
EST,h6,
EST,h4,100.0
EST,t1,100.0
ARG,h3,100.0
ARG,t5,0.0
ARG,t3,0.0
ARG,t2,0.0
ARG,a3,0.0
ARG,cr2,10.0
ARG,cr4,22.0
ARG,p2,100.0
ARG,a1,100.0
ARG,t6,0.0
ARG,h2,100.0
ARG,cv5b,12.0
ARG,a2,0.0
ARG,h1,100.0
ARG,t4,0.0
ARG,h5,100.0
ARG,cr1,5.0
ARG,h6,
ARG,h4,100.0
ARG,t1,100.0
EGY,h3,100.0
EGY,t5,0.0
EGY,t3,0.0
EGY,t2,0.0
EGY,a3,0.0
EGY,cr2,10.0
EGY,cr4,22.0
EGY,p2,100.0
EGY,a1,100.0
EGY,t6,0.0
EGY,h2,100.0
EGY,cv5b,12.0
EGY,a2,0.0
EGY,h1,100.0
EGY,t4,0.0
EGY,h5,100.0
EGY,cr1,5.0
EGY,h6,
EGY,h4,100.0
EGY,t1,100.0
CPV,h3,100.0
CPV,t5,0.0
CPV,t3,0.0
CPV,t2,0.0
CPV,a3,0.0
CPV,cr2,5.0
CPV,cr4,11.0
CPV,p2,100.0
CPV,a1,100.0
CPV,t6,0.0
CPV,h2,100.0
CPV,cv5b,12.0
CPV,a2,0.0
CPV,h1,100.0
CPV,t4,0.0
CPV,h5,100.0
CPV,cr1,5.0
CPV,h6,
CPV,h4,100.0
CPV,t1,100.0
LUX,h3,100.0
LUX,t5,0.0
LUX,t3,0.0
LUX,t2,0.0
LUX,a3,0.0
LUX,cr2,72.0
LUX,cr4,72.0
LUX,p2,100.0
LUX,a1,100.0
LUX,t6,0.0
LUX,h2,100.0
LUX,cv5b,12.0
LUX,a2,0.0
LUX,h1,100.0
LUX,t4,0.0
LUX,h5,100.0
LUX,cr1,5.0
LUX,h6,
LUX,h4,100.0
LUX,t1,100.0
MNG,h3,100.0
MNG,t5,0.0
MNG,t3,0.0
MNG,t2,0.0
MNG,a3,0.0
MNG,cr2,33.0
MNG,cr4,33.0
MNG,p2,100.0
MNG,a1,100.0
MNG,t6,0.0
MNG,h2,100.0
MNG,cv5b,12.0
MNG,a2,0.0
MNG,h1,100.0
MNG,t4,0.0
MNG,h5,100.0
MNG,cr1,5.0
MNG,h6,
MNG,h4,100.0
MNG,t1,100.0
IDN,h3,100.0
IDN,t5,0.0
IDN,t3,0.0
IDN,t2,0.0
IDN,a3,0.0
IDN,cr2,33.0
IDN,cr4,33.0
IDN,p2,100.0
IDN,a1,100.0
IDN,t6,0.0
IDN,h2,100.0
IDN,cv5b,12.0
IDN,a2,0.0
IDN,h1,100.0
IDN,t4,0.0
IDN,h5,100.0
IDN,cr1,5.0
IDN,h6,
IDN,h4,100.0
IDN,t1,100.0
IRL,h3,100.0
IRL,t5,0.0
IRL,t3,0.0
IRL,t2,0.0
IRL,a3,0.0
IRL,cr2,72.0
IRL,cr4,72.0
IRL,p2,100.0
IRL,a1,100.0
IRL,t6,0.0
IRL,h2,100.0
IRL,cv5b,12.0
IRL,a2,0.0
IRL,h1,100.0
IRL,t4,0.0
IRL,h5,100.0
IRL,cr1,5.0
IRL,h6,
IRL,h4,100.0
IRL,t1,100.0
MNE,h3,100.0
MNE,t5,0.0
MNE,t3,0.0
MNE,t2,0.0
MNE,a3,0.0
MNE,cr2,36.0
MNE,cr4,36.0
MNE,p2,100.0
MNE,a1,100.0
MNE,t6,0.0
MNE,h2,100.0
MNE,cv5b,12.0
MNE,a2,0.0
MNE,h1,100.0
MNE,t4,0.0
MNE,h5,100.0
MNE,cr1,5.0
MNE,h6,
MNE,h4,100.0
MNE,t1,100.0
LVA,h3,100.0
LVA,t5,0.0
LVA,t3,0.0
LVA,t2,0.0
LVA,a3,0.0
LVA,cr2,36.0
LVA,cr4,36.0
LVA,p2,100.0
LVA,a1,100.0
LVA,t6,0.0
LVA,h2,100.0
LVA,cv5b,12.0
LVA,a2,0.0
LVA,h1,100.0
LVA,t4,0.0
LVA,h5,100.0
LVA,cr1,5.0
LVA,h6,
LVA,h4,100.0
LVA,t1,100.0
AZE,h3,100.0
AZE,t5,0.0
AZE,t3,0.0
AZE,t2,0.0
AZE,a3,0.0
AZE,cr2,33.0
AZE,cr4,33.0
AZE,p2,100.0
AZE,a1,100.0
AZE,t6,0.0
AZE,h2,100.0
AZE,cv5b,12.0
AZE,a2,0.0
AZE,h1,100.0
AZE,t4,0.0
AZE,h5,100.0
AZE,cr1,5.0
AZE,h6,
AZE,h4,100.0
AZE,t1,100.0
BEN,h3,100.0
BEN,t5,0.0
BEN,t3,0.0
BEN,t2,0.0
BEN,a3,0.0
BEN,cr2,5.0
BEN,cr4,11.0
BEN,p2,100.0
BEN,a1,100.0
BEN,t6,0.0
BEN,h2,100.0
BEN,cv5b,12.0
BEN,a2,0.0
BEN,h1,100.0
BEN,t4,0.0
BEN,h5,100.0
BEN,cr1,5.0
BEN,h6,
BEN,h4,100.0
BEN,t1,100.0
LBN,h3,100.0
LBN,t5,0.0
LBN,t3,0.0
LBN,t2,0.0
LBN,a3,0.0
LBN,cr2,10.0
LBN,cr4,22.0
LBN,p2,100.0
LBN,a1,100.0
LBN,t6,0.0
LBN,h2,100.0
LBN,cv5b,12.0
LBN,a2,0.0
LBN,h1,100.0
LBN,t4,0.0
LBN,h5,100.0
LBN,cr1,5.0
LBN,h6,
LBN,h4,100.0
LBN,t1,100.0
GEO,h3,100.0
GEO,t5,0.0
GEO,t3,0.0
GEO,t2,0.0
GEO,a3,0.0
GEO,cr2,33.0
GEO,cr4,33.0
GEO,p2,100.0
GEO,a1,100.0
GEO,t6,0.0
GEO,h2,100.0
GEO,cv5b,12.0
GEO,a2,0.0
GEO,h1,100.0
GEO,t4,0.0
GEO,h5,100.0
GEO,cr1,5.0
GEO,h6,
GEO,h4,100.0
GEO,t1,100.0
CHL,h3,100.0
CHL,t5,0.0
CHL,t3,0.0
CHL,t2,0.0
CHL,a3,0.0
CHL,cr2,10.0
CHL,cr4,22.0
CHL,p2,100.0
CHL,a1,100.0
CHL,t6,0.0
CHL,h2,100.0
CHL,cv5b,12.0
CHL,a2,0.0
CHL,h1,100.0
CHL,t4,0.0
CHL,h5,100.0
CHL,cr1,5.0
CHL,h6,
CHL,h4,100.0
CHL,t1,100.0
SDN,h3,100.0
SDN,t5,0.0
SDN,t3,0.0
SDN,t2,0.0
SDN,a3,0.0
SDN,cr2,5.0
SDN,cr4,11.0
SDN,p2,100.0
SDN,a1,100.0
SDN,t6,0.0
SDN,h2,100.0
SDN,cv5b,12.0
SDN,a2,0.0
SDN,h1,100.0
SDN,t4,0.0
SDN,h5,100.0
SDN,cr1,5.0
SDN,h6,
SDN,h4,100.0
SDN,t1,100.0
SEN,h3,100.0
SEN,t5,0.0
SEN,t3,0.0
SEN,t2,0.0
SEN,a3,0.0
SEN,cr2,5.0
SEN,cr4,11.0
SEN,p2,100.0
SEN,a1,100.0
SEN,t6,0.0
SEN,h2,100.0
SEN,cv5b,12.0
SEN,a2,0.0
SEN,h1,100.0
SEN,t4,0.0
SEN,h5,100.0
SEN,cr1,5.0
SEN,h6,
SEN,h4,100.0
SEN,t1,100.0
MOZ,h3,100.0
MOZ,t5,0.0
MOZ,t3,0.0
MOZ,t2,0.0
MOZ,a3,0.0
MOZ,cr2,5.0
MOZ,cr4,11.0
MOZ,p2,100.0
MOZ,a1,100.0
MOZ,t6,0.0
MOZ,h2,100.0
MOZ,cv5b,12.0
MOZ,a2,0.0
MOZ,h1,100.0
MOZ,t4,0.0
MOZ,h5,100.0
MOZ,cr1,5.0
MOZ,h6,
MOZ,h4,100.0
MOZ,t1,100.0
JPN,h3,100.0
JPN,t5,0.0
JPN,t3,0.0
JPN,t2,0.0
JPN,a3,0.0
JPN,cr2,10.0
JPN,cr4,10.0
JPN,p2,100.0
JPN,a1,100.0
JPN,t6,0.0
JPN,h2,100.0
JPN,cv5b,12.0
JPN,a2,0.0
JPN,h1,100.0
JPN,t4,0.0
JPN,h5,100.0
JPN,cr1,5.0
JPN,h6,
JPN,h4,100.0
JPN,t1,100.0
SVK,h3,100.0
SVK,t5,0.0
SVK,t3,0.0
SVK,t2,0.0
SVK,a3,0.0
SVK,cr2,36.0
SVK,cr4,36.0
SVK,p2,100.0
SVK,a1,100.0
SVK,t6,0.0
SVK,h2,100.0
SVK,cv5b,12.0
SVK,a2,0.0
SVK,h1,100.0
SVK,t4,0.0
SVK,h5,100.0
SVK,cr1,5.0
SVK,h6,
SVK,h4,100.0
SVK,t1,100.0
SVN,h3,100.0
SVN,t5,0.0
SVN,t3,0.0
SVN,t2,0.0
SVN,a3,0.0
SVN,cr2,36.0
SVN,cr4,36.0
SVN,p2,100.0
SVN,a1,100.0
SVN,t6,0.0
SVN,h2,100.0
SVN,cv5b,12.0
SVN,a2,0.0
SVN,h1,100.0
SVN,t4,0.0
SVN,h5,100.0
SVN,cr1,5.0
SVN,h6,
SVN,h4,100.0
SVN,t1,100.0
BRA,h3,100.0
BRA,t5,0.0
BRA,t3,0.0
BRA,t2,0.0
BRA,a3,0.0
BRA,cr2,10.0
BRA,cr4,22.0
BRA,p2,100.0
BRA,a1,100.0
BRA,t6,0.0
BRA,h2,100.0
BRA,cv5b,12.0
BRA,a2,0.0
BRA,h1,100.0
BRA,t4,0.0
BRA,h5,100.0
BRA,cr1,5.0
BRA,h6,
BRA,h4,100.0
BRA,t1,100.0
JOR,h3,100.0
JOR,t5,0.0
JOR,t3,0.0
JOR,t2,0.0
JOR,a3,0.0
JOR,cr2,10.0
JOR,cr4,22.0
JOR,p2,100.0
JOR,a1,100.0
JOR,t6,0.0
JOR,h2,100.0
JOR,cv5b,12.0
JOR,a2,0.0
JOR,h1,100.0
JOR,t4,0.0
JOR,h5,100.0
JOR,cr1,5.0
JOR,h6,
JOR,h4,100.0
JOR,t1,100.0
URY,h3,100.0
URY,t5,0.0
URY,t3,0.0
URY,t2,0.0
URY,a3,0.0
URY,cr2,10.0
URY,cr4,22.0
URY,p2,100.0
URY,a1,100.0
URY,t6,0.0
URY,h2,100.0
URY,cv5b,12.0
URY,a2,0.0
URY,h1,100.0
URY,t4,0.0
URY,h5,100.0
URY,cr1,5.0
URY,h6,
URY,h4,100.0
URY,t1,100.0
COL,h3,100.0
COL,t5,0.0
COL,t3,0.0
COL,t2,0.0
COL,a3,0.0
COL,cr2,10.0
COL,cr4,22.0
COL,p2,100.0
COL,a1,100.0
COL,t6,0.0
COL,h2,100.0
COL,cv5b,12.0
COL,a2,0.0
COL,h1,100.0
COL,t4,0.0
COL,h5,100.0
COL,cr1,5.0
COL,h6,
COL,h4,100.0
COL,t1,100.0
IND,h3,100.0
IND,t5,0.0
IND,t3,0.0
IND,t2,0.0
IND,a3,0.0
IND,cr2,33.0
IND,cr4,33.0
IND,p2,100.0
IND,a1,100.0
IND,t6,0.0
IND,h2,100.0
IND,cv5b,12.0
IND,a2,0.0
IND,h1,100.0
IND,t4,0.0
IND,h5,100.0
IND,cr1,5.0
IND,h6,
IND,h4,100.0
IND,t1,100.0
PNG,h3,100.0
PNG,t5,0.0
PNG,t3,0.0
PNG,t2,0.0
PNG,a3,0.0
PNG,cr2,5.0
PNG,cr4,11.0
PNG,p2,100.0
PNG,a1,100.0
PNG,t6,0.0
PNG,h2,100.0
PNG,cv5b,12.0
PNG,a2,0.0
PNG,h1,100.0
PNG,t4,0.0
PNG,h5,100.0
PNG,cr1,5.0
PNG,h6,
PNG,h4,100.0
PNG,t1,100.0
TKM,h3,100.0
TKM,t5,0.0
TKM,t3,0.0
TKM,t2,0.0
TKM,a3,0.0
TKM,cr2,33.0
TKM,cr4,33.0
TKM,p2,100.0
TKM,a1,100.0
TKM,t6,0.0
TKM,h2,100.0
TKM,cv5b,12.0
TKM,a2,0.0
TKM,h1,100.0
TKM,t4,0.0
TKM,h5,100.0
TKM,cr1,5.0
TKM,h6,
TKM,h4,100.0
TKM,t1,100.0
LAO,h3,100.0
LAO,t5,0.0
LAO,t3,0.0
LAO,t2,0.0
LAO,a3,0.0
LAO,cr2,33.0
LAO,cr4,33.0
LAO,p2,100.0
LAO,a1,100.0
LAO,t6,0.0
LAO,h2,100.0
LAO,cv5b,12.0
LAO,a2,0.0
LAO,h1,100.0
LAO,t4,0.0
LAO,h5,100.0
LAO,cr1,5.0
LAO,h6,
LAO,h4,100.0
LAO,t1,100.0
LSO,h3,100.0
LSO,t5,0.0
LSO,t3,0.0
LSO,t2,0.0
LSO,a3,0.0
LSO,cr2,5.0
LSO,cr4,11.0
LSO,p2,100.0
LSO,a1,100.0
LSO,t6,0.0
LSO,h2,100.0
LSO,cv5b,12.0
LSO,a2,0.0
LSO,h1,100.0
LSO,t4,0.0
LSO,h5,100.0
LSO,cr1,5.0
LSO,h6,
LSO,h4,100.0
LSO,t1,100.0
MLI,h3,100.0
MLI,t5,0.0
MLI,t3,0.0
MLI,t2,0.0
MLI,a3,0.0
MLI,cr2,5.0
MLI,cr4,11.0
MLI,p2,100.0
MLI,a1,100.0
MLI,t6,0.0
MLI,h2,100.0
MLI,cv5b,12.0
MLI,a2,0.0
MLI,h1,100.0
MLI,t4,0.0
MLI,h5,100.0
MLI,cr1,5.0
MLI,h6,
MLI,h4,100.0
MLI,t1,100.0
KEN,h3,100.0
KEN,t5,0.0
KEN,t3,0.0
KEN,t2,0.0
KEN,a3,0.0
KEN,cr2,5.0
KEN,cr4,11.0
KEN,p2,100.0
KEN,a1,100.0
KEN,t6,0.0
KEN,h2,100.0
KEN,cv5b,12.0
KEN,a2,0.0
KEN,h1,100.0
KEN,t4,0.0
KEN,h5,100.0
KEN,cr1,5.0
KEN,h6,
KEN,h4,100.0
KEN,t1,100.0
AFG,h3,100.0
AFG,t5,0.0
AFG,t3,0.0
AFG,t2,0.0
AFG,a3,0.0
AFG,cr2,33.0
AFG,cr4,33.0
AFG,p2,100.0
AFG,a1,100.0
AFG,t6,0.0
AFG,h2,100.0
AFG,cv5b,12.0
AFG,a2,0.0
AFG,h1,100.0
AFG,t4,0.0
AFG,h5,100.0
AFG,cr1,5.0
AFG,h6,
AFG,h4,100.0
AFG,t1,100.0
SRB,h3,100.0
SRB,t5,0.0
SRB,t3,0.0
SRB,t2,0.0
SRB,a3,0.0
SRB,cr2,36.0
SRB,cr4,36.0
SRB,p2,100.0
SRB,a1,100.0
SRB,t6,0.0
SRB,h2,100.0
SRB,cv5b,12.0
SRB,a2,0.0
SRB,h1,100.0
SRB,t4,0.0
SRB,h5,100.0
SRB,cr1,5.0
SRB,h6,
SRB,h4,100.0
SRB,t1,100.0
GRC,h3,100.0
GRC,t5,0.0
GRC,t3,0.0
GRC,t2,0.0
GRC,a3,0.0
GRC,cr2,72.0
GRC,cr4,72.0
GRC,p2,100.0
GRC,a1,100.0
GRC,t6,0.0
GRC,h2,100.0
GRC,cv5b,12.0
GRC,a2,0.0
GRC,h1,100.0
GRC,t4,0.0
GRC,h5,100.0
GRC,cr1,5.0
GRC,h6,
GRC,h4,100.0
GRC,t1,100.0
DOM,h3,100.0
DOM,t5,0.0
DOM,t3,0.0
DOM,t2,0.0
DOM,a3,0.0
DOM,cr2,10.0
DOM,cr4,22.0
DOM,p2,100.0
DOM,a1,100.0
DOM,t6,0.0
DOM,h2,100.0
DOM,cv5b,12.0
DOM,a2,0.0
DOM,h1,100.0
DOM,t4,0.0
DOM,h5,100.0
DOM,cr1,5.0
DOM,h6,
DOM,h4,100.0
DOM,t1,100.0
MDA,h3,100.0
MDA,t5,0.0
MDA,t3,0.0
MDA,t2,0.0
MDA,a3,0.0
MDA,cr2,36.0
MDA,cr4,36.0
MDA,p2,100.0
MDA,a1,100.0
MDA,t6,0.0
MDA,h2,100.0
MDA,cv5b,12.0
MDA,a2,0.0
MDA,h1,100.0
MDA,t4,0.0
MDA,h5,100.0
MDA,cr1,5.0
MDA,h6,
MDA,h4,100.0
MDA,t1,100.0
DJI,h3,100.0
DJI,t5,0.0
DJI,t3,0.0
DJI,t2,0.0
DJI,a3,0.0
DJI,cr2,5.0
DJI,cr4,11.0
DJI,p2,100.0
DJI,a1,100.0
DJI,t6,0.0
DJI,h2,100.0
DJI,cv5b,12.0
DJI,a2,0.0
DJI,h1,100.0
DJI,t4,0.0
DJI,h5,100.0
DJI,cr1,5.0
DJI,h6,
DJI,h4,100.0
DJI,t1,100.0
QAT,h3,100.0
QAT,t5,0.0
QAT,t3,0.0
QAT,t2,0.0
QAT,a3,0.0
QAT,cr2,10.0
QAT,cr4,22.0
QAT,p2,100.0
QAT,a1,100.0
QAT,t6,0.0
QAT,h2,100.0
QAT,cv5b,12.0
QAT,a2,0.0
QAT,h1,100.0
QAT,t4,0.0
QAT,h5,100.0
QAT,cr1,5.0
QAT,h6,
QAT,h4,100.0
QAT,t1,100.0
REU,h3,100.0
REU,t5,0.0
REU,t3,0.0
REU,t2,0.0
REU,a3,0.0
REU,cr2,
REU,cr4,
REU,p2,100.0
REU,a1,100.0
REU,t6,0.0
REU,h2,100.0
REU,cv5b,12.0
REU,a2,0.0
REU,h1,100.0
REU,t4,0.0
REU,h5,100.0
REU,cr1,
REU,h6,
REU,h4,100.0
REU,t1,100.0
KWT,h3,100.0
KWT,t5,0.0
KWT,t3,0.0
KWT,t2,0.0
KWT,a3,0.0
KWT,cr2,10.0
KWT,cr4,22.0
KWT,p2,100.0
KWT,a1,100.0
KWT,t6,0.0
KWT,h2,100.0
KWT,cv5b,12.0
KWT,a2,0.0
KWT,h1,100.0
KWT,t4,0.0
KWT,h5,100.0
KWT,cr1,5.0
KWT,h6,
KWT,h4,100.0
KWT,t1,100.0
BRN,h3,100.0
BRN,t5,0.0
BRN,t3,0.0
BRN,t2,0.0
BRN,a3,0.0
BRN,cr2,10.0
BRN,cr4,10.0
BRN,p2,100.0
BRN,a1,100.0
BRN,t6,0.0
BRN,h2,100.0
BRN,cv5b,12.0
BRN,a2,0.0
BRN,h1,100.0
BRN,t4,0.0
BRN,h5,100.0
BRN,cr1,5.0
BRN,h6,
BRN,h4,100.0
BRN,t1,100.0
MYS,h3,100.0
MYS,t5,0.0
MYS,t3,0.0
MYS,t2,0.0
MYS,a3,0.0
MYS,cr2,33.0
MYS,cr4,33.0
MYS,p2,100.0
MYS,a1,100.0
MYS,t6,0.0
MYS,h2,100.0
MYS,cv5b,12.0
MYS,a2,0.0
MYS,h1,100.0
MYS,t4,0.0
MYS,h5,100.0
MYS,cr1,5.0
MYS,h6,
MYS,h4,100.0
MYS,t1,100.0
THA,h3,100.0
THA,t5,0.0
THA,t3,0.0
THA,t2,0.0
THA,a3,0.0
THA,cr2,33.0
THA,cr4,33.0
THA,p2,100.0
THA,a1,100.0
THA,t6,0.0
THA,h2,100.0
THA,cv5b,12.0
THA,a2,0.0
THA,h1,100.0
THA,t4,0.0
THA,h5,100.0
THA,cr1,5.0
THA,h6,
THA,h4,100.0
THA,t1,100.0
TGO,h3,100.0
TGO,t5,0.0
TGO,t3,0.0
TGO,t2,0.0
TGO,a3,0.0
TGO,cr2,5.0
TGO,cr4,11.0
TGO,p2,100.0
TGO,a1,100.0
TGO,t6,0.0
TGO,h2,100.0
TGO,cv5b,12.0
TGO,a2,0.0
TGO,h1,100.0
TGO,t4,0.0
TGO,h5,100.0
TGO,cr1,5.0
TGO,h6,
TGO,h4,100.0
TGO,t1,100.0
CAF,h3,100.0
CAF,t5,0.0
CAF,t3,0.0
CAF,t2,0.0
CAF,a3,0.0
CAF,cr2,5.0
CAF,cr4,11.0
CAF,p2,100.0
CAF,a1,100.0
CAF,t6,0.0
CAF,h2,100.0
CAF,cv5b,12.0
CAF,a2,0.0
CAF,h1,100.0
CAF,t4,0.0
CAF,h5,100.0
CAF,cr1,5.0
CAF,h6,
CAF,h4,100.0
CAF,t1,100.0
BGR,h3,100.0
BGR,t5,0.0
BGR,t3,0.0
BGR,t2,0.0
BGR,a3,0.0
BGR,cr2,36.0
BGR,cr4,36.0
BGR,p2,100.0
BGR,a1,100.0
BGR,t6,0.0
BGR,h2,100.0
BGR,cv5b,12.0
BGR,a2,0.0
BGR,h1,100.0
BGR,t4,0.0
BGR,h5,100.0
BGR,cr1,5.0
BGR,h6,
BGR,h4,100.0
BGR,t1,100.0
BHR,h3,100.0
BHR,t5,0.0
BHR,t3,0.0
BHR,t2,0.0
BHR,a3,0.0
BHR,cr2,10.0
BHR,cr4,22.0
BHR,p2,100.0
BHR,a1,100.0
BHR,t6,0.0
BHR,h2,100.0
BHR,cv5b,12.0
BHR,a2,0.0
BHR,h1,100.0
BHR,t4,0.0
BHR,h5,100.0
BHR,cr1,5.0
BHR,h6,
BHR,h4,100.0
BHR,t1,100.0
FJI,h3,100.0
FJI,t5,0.0
FJI,t3,0.0
FJI,t2,0.0
FJI,a3,0.0
FJI,cr2,5.0
FJI,cr4,11.0
FJI,p2,100.0
FJI,a1,100.0
FJI,t6,0.0
FJI,h2,100.0
FJI,cv5b,12.0
FJI,a2,0.0
FJI,h1,100.0
FJI,t4,0.0
FJI,h5,100.0
FJI,cr1,5.0
FJI,h6,
FJI,h4,100.0
FJI,t1,100.0
VEN,h3,100.0
VEN,t5,0.0
VEN,t3,0.0
VEN,t2,0.0
VEN,a3,0.0
VEN,cr2,10.0
VEN,cr4,22.0
VEN,p2,100.0
VEN,a1,100.0
VEN,t6,0.0
VEN,h2,100.0
VEN,cv5b,12.0
VEN,a2,0.0
VEN,h1,100.0
VEN,t4,0.0
VEN,h5,100.0
VEN,cr1,5.0
VEN,h6,
VEN,h4,100.0
VEN,t1,100.0
GNQ,h3,100.0
GNQ,t5,0.0
GNQ,t3,0.0
GNQ,t2,0.0
GNQ,a3,0.0
GNQ,cr2,5.0
GNQ,cr4,11.0
GNQ,p2,100.0
GNQ,a1,100.0
GNQ,t6,0.0
GNQ,h2,100.0
GNQ,cv5b,12.0
GNQ,a2,0.0
GNQ,h1,100.0
GNQ,t4,0.0
GNQ,h5,100.0
GNQ,cr1,5.0
GNQ,h6,
GNQ,h4,100.0
GNQ,t1,100.0
BWA,h3,100.0
BWA,t5,0.0
BWA,t3,0.0
BWA,t2,0.0
BWA,a3,0.0
BWA,cr2,5.0
BWA,cr4,11.0
BWA,p2,100.0
BWA,a1,100.0
BWA,t6,0.0
BWA,h2,100.0
BWA,cv5b,12.0
BWA,a2,0.0
BWA,h1,100.0
BWA,t4,0.0
BWA,h5,100.0
BWA,cr1,5.0
BWA,h6,
BWA,h4,100.0
BWA,t1,100.0
SSD,h3,100.0
SSD,t5,0.0
SSD,t3,0.0
SSD,t2,0.0
SSD,a3,0.0
SSD,cr2,5.0
SSD,cr4,11.0
SSD,p2,100.0
SSD,a1,100.0
SSD,t6,0.0
SSD,h2,100.0
SSD,cv5b,12.0
SSD,a2,0.0
SSD,h1,100.0
SSD,t4,0.0
SSD,h5,100.0
SSD,cr1,5.0
SSD,h6,
SSD,h4,100.0
SSD,t1,100.0
NLD,h3,100.0
NLD,t5,0.0
NLD,t3,0.0
NLD,t2,0.0
NLD,a3,0.0
NLD,cr2,72.0
NLD,cr4,72.0
NLD,p2,100.0
NLD,a1,100.0
NLD,t6,0.0
NLD,h2,100.0
NLD,cv5b,12.0
NLD,a2,0.0
NLD,h1,100.0
NLD,t4,0.0
NLD,h5,100.0
NLD,cr1,5.0
NLD,h6,
NLD,h4,100.0
NLD,t1,100.0
AUT,h3,100.0
AUT,t5,0.0
AUT,t3,0.0
AUT,t2,0.0
AUT,a3,0.0
AUT,cr2,72.0
AUT,cr4,72.0
AUT,p2,100.0
AUT,a1,100.0
AUT,t6,0.0
AUT,h2,100.0
AUT,cv5b,12.0
AUT,a2,0.0
AUT,h1,100.0
AUT,t4,0.0
AUT,h5,100.0
AUT,cr1,5.0
AUT,h6,
AUT,h4,100.0
AUT,t1,100.0
AGO,h3,100.0
AGO,t5,0.0
AGO,t3,0.0
AGO,t2,0.0
AGO,a3,0.0
AGO,cr2,5.0
AGO,cr4,11.0
AGO,p2,100.0
AGO,a1,100.0
AGO,t6,0.0
AGO,h2,100.0
AGO,cv5b,12.0
AGO,a2,0.0
AGO,h1,100.0
AGO,t4,0.0
AGO,h5,100.0
AGO,cr1,5.0
AGO,h6,
AGO,h4,100.0
AGO,t1,100.0
DZA,h3,100.0
DZA,t5,0.0
DZA,t3,0.0
DZA,t2,0.0
DZA,a3,0.0
DZA,cr2,10.0
DZA,cr4,22.0
DZA,p2,100.0
DZA,a1,100.0
DZA,t6,0.0
DZA,h2,100.0
DZA,cv5b,12.0
DZA,a2,0.0
DZA,h1,100.0
DZA,t4,0.0
DZA,h5,100.0
DZA,cr1,5.0
DZA,h6,
DZA,h4,100.0
DZA,t1,100.0
MKD,h3,100.0
MKD,t5,0.0
MKD,t3,0.0
MKD,t2,0.0
MKD,a3,0.0
MKD,cr2,36.0
MKD,cr4,36.0
MKD,p2,100.0
MKD,a1,100.0
MKD,t6,0.0
MKD,h2,100.0
MKD,cv5b,12.0
MKD,a2,0.0
MKD,h1,100.0
MKD,t4,0.0
MKD,h5,100.0
MKD,cr1,5.0
MKD,h6,
MKD,h4,100.0
MKD,t1,100.0
HRV,h3,100.0
HRV,t5,0.0
HRV,t3,0.0
HRV,t2,0.0
HRV,a3,0.0
HRV,cr2,36.0
HRV,cr4,36.0
HRV,p2,100.0
HRV,a1,100.0
HRV,t6,0.0
HRV,h2,100.0
HRV,cv5b,12.0
HRV,a2,0.0
HRV,h1,100.0
HRV,t4,0.0
HRV,h5,100.0
HRV,cr1,5.0
HRV,h6,
HRV,h4,100.0
HRV,t1,100.0
MUS,h3,100.0
MUS,t5,0.0
MUS,t3,0.0
MUS,t2,0.0
MUS,a3,0.0
MUS,cr2,5.0
MUS,cr4,11.0
MUS,p2,100.0
MUS,a1,100.0
MUS,t6,0.0
MUS,h2,100.0
MUS,cv5b,12.0
MUS,a2,0.0
MUS,h1,100.0
MUS,t4,0.0
MUS,h5,100.0
MUS,cr1,5.0
MUS,h6,
MUS,h4,100.0
MUS,t1,100.0
BOL,h3,100.0
BOL,t5,0.0
BOL,t3,0.0
BOL,t2,0.0
BOL,a3,0.0
BOL,cr2,10.0
BOL,cr4,22.0
BOL,p2,100.0
BOL,a1,100.0
BOL,t6,0.0
BOL,h2,100.0
BOL,cv5b,12.0
BOL,a2,0.0
BOL,h1,100.0
BOL,t4,0.0
BOL,h5,100.0
BOL,cr1,5.0
BOL,h6,
BOL,h4,100.0
BOL,t1,100.0
BDI,h3,100.0
BDI,t5,0.0
BDI,t3,0.0
BDI,t2,0.0
BDI,a3,0.0
BDI,cr2,5.0
BDI,cr4,11.0
BDI,p2,100.0
BDI,a1,100.0
BDI,t6,0.0
BDI,h2,100.0
BDI,cv5b,12.0
BDI,a2,0.0
BDI,h1,100.0
BDI,t4,0.0
BDI,h5,100.0
BDI,cr1,5.0
BDI,h6,
BDI,h4,100.0
BDI,t1,100.0
ISL,h3,100.0
ISL,t5,0.0
ISL,t3,0.0
ISL,t2,0.0
ISL,a3,0.0
ISL,cr2,72.0
ISL,cr4,72.0
ISL,p2,100.0
ISL,a1,100.0
ISL,t6,0.0
ISL,h2,100.0
ISL,cv5b,12.0
ISL,a2,0.0
ISL,h1,100.0
ISL,t4,0.0
ISL,h5,100.0
ISL,cr1,5.0
ISL,h6,
ISL,h4,100.0
ISL,t1,100.0
PHL,h3,100.0
PHL,t5,0.0
PHL,t3,0.0
PHL,t2,0.0
PHL,a3,0.0
PHL,cr2,33.0
PHL,cr4,33.0
PHL,p2,100.0
PHL,a1,100.0
PHL,t6,0.0
PHL,h2,100.0
PHL,cv5b,12.0
PHL,a2,0.0
PHL,h1,100.0
PHL,t4,0.0
PHL,h5,100.0
PHL,cr1,5.0
PHL,h6,
PHL,h4,100.0
PHL,t1,100.0
BLR,h3,100.0
BLR,t5,0.0
BLR,t3,0.0
BLR,t2,0.0
BLR,a3,0.0
BLR,cr2,36.0
BLR,cr4,36.0
BLR,p2,100.0
BLR,a1,100.0
BLR,t6,0.0
BLR,h2,100.0
BLR,cv5b,12.0
BLR,a2,0.0
BLR,h1,100.0
BLR,t4,0.0
BLR,h5,100.0
BLR,cr1,5.0
BLR,h6,
BLR,h4,100.0
BLR,t1,100.0
CZE,h3,100.0
CZE,t5,0.0
CZE,t3,0.0
CZE,t2,0.0
CZE,a3,0.0
CZE,cr2,36.0
CZE,cr4,36.0
CZE,p2,100.0
CZE,a1,100.0
CZE,t6,0.0
CZE,h2,100.0
CZE,cv5b,12.0
CZE,a2,0.0
CZE,h1,100.0
CZE,t4,0.0
CZE,h5,100.0
CZE,cr1,5.0
CZE,h6,
CZE,h4,100.0
CZE,t1,100.0
PRT,h3,100.0
PRT,t5,0.0
PRT,t3,0.0
PRT,t2,0.0
PRT,a3,0.0
PRT,cr2,72.0
PRT,cr4,72.0
PRT,p2,100.0
PRT,a1,100.0
PRT,t6,0.0
PRT,h2,100.0
PRT,cv5b,12.0
PRT,a2,0.0
PRT,h1,100.0
PRT,t4,0.0
PRT,h5,100.0
PRT,cr1,5.0
PRT,h6,
PRT,h4,100.0
PRT,t1,100.0
TLS,h3,100.0
TLS,t5,0.0
TLS,t3,0.0
TLS,t2,0.0
TLS,a3,0.0
TLS,cr2,33.0
TLS,cr4,33.0
TLS,p2,100.0
TLS,a1,100.0
TLS,t6,0.0
TLS,h2,100.0
TLS,cv5b,12.0
TLS,a2,0.0
TLS,h1,100.0
TLS,t4,0.0
TLS,h5,100.0
TLS,cr1,5.0
TLS,h6,
TLS,h4,100.0
TLS,t1,100.0
NZL,h3,100.0
NZL,t5,0.0
NZL,t3,0.0
NZL,t2,0.0
NZL,a3,0.0
NZL,cr2,72.0
NZL,cr4,72.0
NZL,p2,100.0
NZL,a1,100.0
NZL,t6,0.0
NZL,h2,100.0
NZL,cv5b,12.0
NZL,a2,0.0
NZL,h1,100.0
NZL,t4,0.0
NZL,h5,100.0
NZL,cr1,5.0
NZL,h6,
NZL,h4,100.0
NZL,t1,100.0
SLE,h3,100.0
SLE,t5,0.0
SLE,t3,0.0
SLE,t2,0.0
SLE,a3,0.0
SLE,cr2,5.0
SLE,cr4,11.0
SLE,p2,100.0
SLE,a1,100.0
SLE,t6,0.0
SLE,h2,100.0
SLE,cv5b,12.0
SLE,a2,0.0
SLE,h1,100.0
SLE,t4,0.0
SLE,h5,100.0
SLE,cr1,5.0
SLE,h6,
SLE,h4,100.0
SLE,t1,100.0
IRN,h3,100.0
IRN,t5,0.0
IRN,t3,0.0
IRN,t2,0.0
IRN,a3,0.0
IRN,cr2,10.0
IRN,cr4,22.0
IRN,p2,100.0
IRN,a1,100.0
IRN,t6,0.0
IRN,h2,100.0
IRN,cv5b,12.0
IRN,a2,0.0
IRN,h1,100.0
IRN,t4,0.0
IRN,h5,100.0
IRN,cr1,5.0
IRN,h6,
IRN,h4,100.0
IRN,t1,100.0
GMB,h3,100.0
GMB,t5,0.0
GMB,t3,0.0
GMB,t2,0.0
GMB,a3,0.0
GMB,cr2,5.0
GMB,cr4,11.0
GMB,p2,100.0
GMB,a1,100.0
GMB,t6,0.0
GMB,h2,100.0
GMB,cv5b,12.0
GMB,a2,0.0
GMB,h1,100.0
GMB,t4,0.0
GMB,h5,100.0
GMB,cr1,5.0
GMB,h6,
GMB,h4,100.0
GMB,t1,100.0
HND,h3,100.0
HND,t5,0.0
HND,t3,0.0
HND,t2,0.0
HND,a3,0.0
HND,cr2,10.0
HND,cr4,22.0
HND,p2,100.0
HND,a1,100.0
HND,t6,0.0
HND,h2,100.0
HND,cv5b,12.0
HND,a2,0.0
HND,h1,100.0
HND,t4,0.0
HND,h5,100.0
HND,cr1,5.0
HND,h6,
HND,h4,100.0
HND,t1,100.0
COM,h3,100.0
COM,t5,0.0
COM,t3,0.0
COM,t2,0.0
COM,a3,0.0
COM,cr2,5.0
COM,cr4,11.0
COM,p2,100.0
COM,a1,100.0
COM,t6,0.0
COM,h2,100.0
COM,cv5b,12.0
COM,a2,0.0
COM,h1,100.0
COM,t4,0.0
COM,h5,100.0
COM,cr1,5.0
COM,h6,
COM,h4,100.0
COM,t1,100.0
WSM,h3,100.0
WSM,t5,0.0
WSM,t3,0.0
WSM,t2,0.0
WSM,a3,0.0
WSM,cr2,5.0
WSM,cr4,11.0
WSM,p2,100.0
WSM,a1,100.0
WSM,t6,0.0
WSM,h2,100.0
WSM,cv5b,12.0
WSM,a2,0.0
WSM,h1,100.0
WSM,t4,0.0
WSM,h5,100.0
WSM,cr1,5.0
WSM,h6,
WSM,h4,100.0
WSM,t1,100.0
KHM,h3,100.0
KHM,t5,0.0
KHM,t3,0.0
KHM,t2,0.0
KHM,a3,0.0
KHM,cr2,33.0
KHM,cr4,33.0
KHM,p2,100.0
KHM,a1,100.0
KHM,t6,0.0
KHM,h2,100.0
KHM,cv5b,12.0
KHM,a2,0.0
KHM,h1,100.0
KHM,t4,0.0
KHM,h5,100.0
KHM,cr1,5.0
KHM,h6,
KHM,h4,100.0
KHM,t1,100.0
PRK,h3,100.0
PRK,t5,0.0
PRK,t3,0.0
PRK,t2,0.0
PRK,a3,0.0
PRK,cr2,33.0
PRK,cr4,33.0
PRK,p2,100.0
PRK,a1,100.0
PRK,t6,0.0
PRK,h2,100.0
PRK,cv5b,12.0
PRK,a2,0.0
PRK,h1,100.0
PRK,t4,0.0
PRK,h5,100.0
PRK,cr1,5.0
PRK,h6,
PRK,h4,100.0
PRK,t1,100.0
ALB,h3,5.0
ALB,t5,5.0
ALB,t3,5.0
ALB,t2,5.0
ALB,a3,5.0
ALB,cr2,5.0
ALB,cr4,5.0
ALB,p2,5.0
ALB,a1,5.0
ALB,t6,5.0
ALB,h2,5.0
ALB,cv5b,5.0
ALB,a2,5.0
ALB,h1,5.0
ALB,t4,5.0
ALB,h5,5.0
ALB,cr1,5.0
ALB,h6,
ALB,h4,5.0
ALB,t1,5.0
